DateTime,HMC Jacobs 4 A,HMC Jacobs 4 B,sensor_4_average
2024-09-05T07:20:00Z,45,43,44
2024-09-05T07:30:00Z,50,50,50
2024-09-05T07:40:00Z,57,62,59.5
2024-09-05T07:50:00Z,57,60,58.5
2024-09-05T08:00:00Z,76,84,80
2024-09-05T08:10:00Z,67,72,69.5
2024-09-05T08:20:00Z,46,47,46.5
2024-09-05T08:30:00Z,39,37,38
2024-09-05T08:40:00Z,37,35,36
2024-09-05T08:50:00Z,38,35,36.5
2024-09-05T09:00:00Z,36,36,36
2024-09-05T09:10:00Z,34,35,34.5
2024-09-05T09:20:00Z,36,34,35
2024-09-05T09:30:00Z,36,35,35.5
2024-09-05T09:40:00Z,36,34,35
2024-09-05T09:50:00Z,35,34,34.5
2024-09-05T10:00:00Z,32,31,31.5
2024-09-05T10:10:00Z,32,31,31.5
2024-09-05T10:20:00Z,31,34,32.5
2024-09-05T10:30:00Z,31,29,30
2024-09-05T10:40:00Z,33,34,33.5
2024-09-05T10:50:00Z,37,37,37
2024-09-05T11:00:00Z,38,36,37
2024-09-05T11:10:00Z,38,36,37
2024-09-05T11:20:00Z,37,38,37.5
2024-09-05T11:30:00Z,36,38,37
2024-09-05T11:40:00Z,35,35,35
2024-09-05T11:50:00Z,38,39,38.5
2024-09-05T12:00:00Z,39,39,39
2024-09-05T12:10:00Z,37,37,37
2024-09-05T12:20:00Z,35,34,34.5
2024-09-05T12:30:00Z,35,35,35
2024-09-05T12:40:00Z,36,37,36.5
2024-09-05T12:50:00Z,34,34,34
2024-09-05T13:00:00Z,33,33,33
2024-09-05T13:10:00Z,31,34,32.5
2024-09-05T13:20:00Z,34,35,34.5
2024-09-05T13:30:00Z,28,29,28.5
2024-09-05T13:40:00Z,30,30,30
2024-09-05T13:50:00Z,28,31,29.5
2024-09-05T14:00:00Z,32,35,33.5
2024-09-05T14:10:00Z,35,38,36.5
2024-09-05T14:20:00Z,36,37,36.5
2024-09-05T14:30:00Z,36,39,37.5
2024-09-05T14:40:00Z,40,41,40.5
2024-09-05T14:50:00Z,42,43,42.5
2024-09-05T15:00:00Z,51,51,51
2024-09-05T15:10:00Z,44,45,44.5
2024-09-05T15:20:00Z,41,42,41.5
2024-09-05T15:30:00Z,33,35,34
2024-09-05T15:40:00Z,27,30,28.5
2024-09-05T15:50:00Z,25,23,24
2024-09-05T16:00:00Z,26,29,27.5
2024-09-05T16:10:00Z,33,34,33.5
2024-09-05T16:20:00Z,32,34,33
2024-09-05T16:30:00Z,31,30,30.5
2024-09-05T16:40:00Z,32,33,32.5
2024-09-05T16:50:00Z,29,29,29
2024-09-05T17:00:00Z,31,30,30.5
2024-09-05T17:10:00Z,31,31,31
2024-09-05T17:20:00Z,31,31,31
2024-09-05T17:30:00Z,33,33,33
2024-09-05T17:40:00Z,35,34,34.5
2024-09-05T17:50:00Z,32,31,31.5
2024-09-05T18:00:00Z,32,32,32
2024-09-05T18:10:00Z,35,34,34.5
2024-09-05T18:20:00Z,37,35,36
2024-09-05T18:30:00Z,37,36,36.5
2024-09-05T18:40:00Z,38,38,38
2024-09-05T18:50:00Z,40,42,41
2024-09-05T19:00:00Z,41,42,41.5
2024-09-05T19:10:00Z,39,39,39
2024-09-05T19:20:00Z,40,38,39
2024-09-05T19:30:00Z,37,42,39.5
2024-09-05T19:40:00Z,37,40,38.5
2024-09-05T19:50:00Z,39,44,41.5
2024-09-05T20:00:00Z,40,42,41
2024-09-05T20:10:00Z,41,45,43
2024-09-05T20:20:00Z,45,50,47.5
2024-09-05T20:30:00Z,47,49,48
2024-09-05T20:40:00Z,49,51,50
2024-09-05T20:50:00Z,50,51,50.5
2024-09-05T21:00:00Z,50,52,51
2024-09-05T21:10:00Z,38,39,38.5
2024-09-05T21:20:00Z,29,31,30
2024-09-05T21:30:00Z,25,26,25.5
2024-09-05T21:40:00Z,31,31,31
2024-09-05T21:50:00Z,40,39,39.5
2024-09-05T22:00:00Z,43,45,44
2024-09-05T22:10:00Z,43,45,44
2024-09-05T22:20:00Z,44,43,43.5
2024-09-05T22:30:00Z,44,46,45
2024-09-05T22:40:00Z,45,45,45
2024-09-05T22:50:00Z,48,46,47
2024-09-05T23:00:00Z,48,48,48
2024-09-05T23:10:00Z,48,48,48
2024-09-05T23:20:00Z,49,48,48.5
2024-09-05T23:30:00Z,45,46,45.5
2024-09-05T23:40:00Z,43,42,42.5
2024-09-05T23:50:00Z,46,46,46
2024-09-06T00:00:00Z,47,46,46.5
2024-09-06T00:10:00Z,49,48,48.5
2024-09-06T00:20:00Z,48,47,47.5
2024-09-06T00:30:00Z,50,48,49
2024-09-06T00:40:00Z,49,46,47.5
2024-09-06T00:50:00Z,49,45,47
2024-09-06T01:00:00Z,52,50,51
2024-09-06T01:10:00Z,54,53,53.5
2024-09-06T01:20:00Z,52,51,51.5
2024-09-06T01:30:00Z,52,51,51.5
2024-09-06T01:40:00Z,52,50,51
2024-09-06T01:50:00Z,53,53,53
2024-09-06T02:00:00Z,55,53,54
2024-09-06T02:10:00Z,54,53,53.5
2024-09-06T02:20:00Z,55,53,54
2024-09-06T02:30:00Z,55,53,54
2024-09-06T02:40:00Z,54,54,54
2024-09-06T02:50:00Z,56,55,55.5
2024-09-06T03:00:00Z,58,56,57
2024-09-06T03:10:00Z,60,58,59
2024-09-06T03:20:00Z,61,60,60.5
2024-09-06T03:30:00Z,62,62,62
2024-09-06T03:40:00Z,65,64,64.5
2024-09-06T03:50:00Z,71,69,70
2024-09-06T04:00:00Z,71,70,70.5
2024-09-06T04:10:00Z,73,73,73
2024-09-06T04:20:00Z,73,72,72.5
2024-09-06T04:30:00Z,77,77,77
2024-09-06T04:40:00Z,84,83,83.5
2024-09-06T04:50:00Z,85,86,85.5
2024-09-06T05:00:00Z,85,85,85
2024-09-06T05:10:00Z,84,83,83.5
2024-09-06T05:20:00Z,81,78,79.5
2024-09-06T05:30:00Z,73,71,72
2024-09-06T05:40:00Z,69,67,68
2024-09-06T05:50:00Z,66,65,65.5
2024-09-06T06:00:00Z,64,62,63
2024-09-06T06:10:00Z,63,61,62
2024-09-06T06:20:00Z,61,58,59.5
2024-09-06T06:30:00Z,66,64,65
2024-09-06T06:40:00Z,72,70,71
2024-09-06T06:50:00Z,69,66,67.5
2024-09-06T07:00:00Z,74,71,72.5
2024-09-06T07:10:00Z,77,75,76
2024-09-06T07:20:00Z,77,74,75.5
2024-09-06T07:30:00Z,73,72,72.5
2024-09-06T07:40:00Z,72,74,73
2024-09-06T07:50:00Z,72,72,72
2024-09-06T08:00:00Z,76,76,76
2024-09-06T08:10:00Z,81,82,81.5
2024-09-06T08:20:00Z,83,87,85
2024-09-06T08:30:00Z,83,85,84
2024-09-06T08:40:00Z,79,81,80
2024-09-06T08:50:00Z,69,69,69
2024-09-06T09:00:00Z,62,61,61.5
2024-09-06T09:10:00Z,50,50,50
2024-09-06T09:20:00Z,46,47,46.5
2024-09-06T09:30:00Z,44,44,44
2024-09-06T09:40:00Z,56,55,55.5
2024-09-06T09:50:00Z,63,64,63.5
2024-09-06T10:00:00Z,78,81,79.5
2024-09-06T10:10:00Z,85,90,87.5
2024-09-06T10:20:00Z,80,83,81.5
2024-09-06T10:30:00Z,76,78,77
2024-09-06T10:40:00Z,74,76,75
2024-09-06T10:50:00Z,67,67,67
2024-09-06T11:00:00Z,67,66,66.5
2024-09-06T11:10:00Z,65,64,64.5
2024-09-06T11:20:00Z,64,66,65
2024-09-06T11:30:00Z,66,64,65
2024-09-06T11:40:00Z,65,63,64
2024-09-06T11:50:00Z,63,62,62.5
2024-09-06T12:00:00Z,62,62,62
2024-09-06T12:10:00Z,65,63,64
2024-09-06T12:20:00Z,64,63,63.5
2024-09-06T12:30:00Z,60,60,60
2024-09-06T12:40:00Z,59,58,58.5
2024-09-06T12:50:00Z,59,59,59
2024-09-06T13:00:00Z,57,57,57
2024-09-06T13:10:00Z,56,57,56.5
2024-09-06T13:20:00Z,52,53,52.5
2024-09-06T13:30:00Z,46,45,45.5
2024-09-06T13:40:00Z,44,42,43
2024-09-06T13:50:00Z,40,38,39
2024-09-06T14:00:00Z,41,38,39.5
2024-09-06T14:10:00Z,39,37,38
2024-09-06T14:20:00Z,41,39,40
2024-09-06T14:30:00Z,40,36,38
2024-09-06T14:40:00Z,40,40,40
2024-09-06T14:50:00Z,41,40,40.5
2024-09-06T15:00:00Z,40,39,39.5
2024-09-06T15:10:00Z,37,37,37
2024-09-06T15:20:00Z,39,38,38.5
2024-09-06T15:30:00Z,34,33,33.5
2024-09-06T15:40:00Z,33,33,33
2024-09-06T15:50:00Z,30,30,30
2024-09-06T16:00:00Z,26,28,27
2024-09-06T16:10:00Z,28,29,28.5
2024-09-06T16:20:00Z,28,28,28
2024-09-06T16:30:00Z,28,28,28
2024-09-06T16:40:00Z,28,28,28
2024-09-06T16:50:00Z,38,38,38
2024-09-06T17:00:00Z,44,45,44.5
2024-09-06T17:10:00Z,49,51,50
2024-09-06T17:20:00Z,52,53,52.5
2024-09-06T17:30:00Z,52,54,53
2024-09-06T17:40:00Z,51,53,52
2024-09-06T17:50:00Z,52,54,53
2024-09-06T18:00:00Z,50,53,51.5
2024-09-06T18:10:00Z,52,53,52.5
2024-09-06T18:20:00Z,52,53,52.5
2024-09-06T18:30:00Z,51,53,52
2024-09-06T18:40:00Z,53,54,53.5
2024-09-06T18:50:00Z,52,55,53.5
2024-09-06T19:00:00Z,53,56,54.5
2024-09-06T19:10:00Z,54,57,55.5
2024-09-06T19:20:00Z,53,54,53.5
2024-09-06T19:30:00Z,53,56,54.5
2024-09-06T19:40:00Z,52,54,53
2024-09-06T19:50:00Z,54,56,55
2024-09-06T20:00:00Z,53,56,54.5
2024-09-06T20:10:00Z,54,56,55
2024-09-06T20:20:00Z,54,55,54.5
2024-09-06T20:30:00Z,53,55,54
2024-09-06T20:40:00Z,54,55,54.5
2024-09-06T20:50:00Z,51,54,52.5
2024-09-06T21:00:00Z,49,52,50.5
2024-09-06T21:10:00Z,51,52,51.5
2024-09-06T21:20:00Z,52,53,52.5
2024-09-06T21:30:00Z,52,53,52.5
2024-09-06T21:40:00Z,52,54,53
2024-09-06T21:50:00Z,52,54,53
2024-09-06T22:00:00Z,52,54,53
2024-09-06T22:10:00Z,53,56,54.5
2024-09-06T22:20:00Z,54,55,54.5
2024-09-06T22:30:00Z,53,54,53.5
2024-09-06T22:40:00Z,53,54,53.5
2024-09-06T22:50:00Z,53,54,53.5
2024-09-06T23:00:00Z,54,55,54.5
2024-09-06T23:10:00Z,55,55,55
2024-09-06T23:20:00Z,55,56,55.5
2024-09-06T23:30:00Z,54,55,54.5
2024-09-06T23:40:00Z,54,55,54.5
2024-09-06T23:50:00Z,55,56,55.5
2024-09-07T00:00:00Z,55,56,55.5
2024-09-07T00:10:00Z,56,57,56.5
2024-09-07T00:20:00Z,57,58,57.5
2024-09-07T00:30:00Z,57,57,57
2024-09-07T00:40:00Z,58,59,58.5
2024-09-07T00:50:00Z,60,61,60.5
2024-09-07T01:00:00Z,62,63,62.5
2024-09-07T01:10:00Z,63,64,63.5
2024-09-07T01:20:00Z,61,62,61.5
2024-09-07T01:30:00Z,61,61,61
2024-09-07T01:40:00Z,61,61,61
2024-09-07T01:50:00Z,60,62,61
2024-09-07T02:00:00Z,61,62,61.5
2024-09-07T02:10:00Z,63,64,63.5
2024-09-07T02:20:00Z,62,65,63.5
2024-09-07T02:30:00Z,62,61,61.5
2024-09-07T02:40:00Z,61,60,60.5
2024-09-07T02:50:00Z,62,61,61.5
2024-09-07T03:00:00Z,63,61,62
2024-09-07T03:10:00Z,63,62,62.5
2024-09-07T03:20:00Z,64,63,63.5
2024-09-07T03:30:00Z,63,62,62.5
2024-09-07T03:40:00Z,64,62,63
2024-09-07T03:50:00Z,60,57,58.5
2024-09-07T04:00:00Z,60,58,59
2024-09-07T04:10:00Z,60,58,59
2024-09-07T04:20:00Z,60,59,59.5
2024-09-07T04:30:00Z,61,58,59.5
2024-09-07T04:40:00Z,60,58,59
2024-09-07T04:50:00Z,58,57,57.5
2024-09-07T05:00:00Z,56,55,55.5
2024-09-07T05:10:00Z,56,54,55
2024-09-07T05:20:00Z,56,55,55.5
2024-09-07T05:30:00Z,58,58,58
2024-09-07T05:40:00Z,56,56,56
2024-09-07T05:50:00Z,59,58,58.5
2024-09-07T06:00:00Z,60,61,60.5
2024-09-07T06:10:00Z,62,63,62.5
2024-09-07T06:20:00Z,64,64,64
2024-09-07T06:30:00Z,65,67,66
2024-09-07T06:40:00Z,66,67,66.5
2024-09-07T06:50:00Z,70,68,69
2024-09-07T07:00:00Z,75,73,74
2024-09-07T07:10:00Z,81,80,80.5
2024-09-07T07:20:00Z,81,80,80.5
2024-09-07T07:30:00Z,74,75,74.5
2024-09-07T07:40:00Z,78,77,77.5
2024-09-07T07:50:00Z,74,74,74
2024-09-07T08:00:00Z,78,78,78
2024-09-07T08:10:00Z,80,80,80
2024-09-07T08:20:00Z,78,78,78
2024-09-07T08:30:00Z,76,77,76.5
2024-09-07T08:40:00Z,78,79,78.5
2024-09-07T08:50:00Z,77,77,77
2024-09-07T09:00:00Z,76,79,77.5
2024-09-07T09:10:00Z,75,76,75.5
2024-09-07T09:20:00Z,75,77,76
2024-09-07T09:30:00Z,72,73,72.5
2024-09-07T09:40:00Z,65,68,66.5
2024-09-07T09:50:00Z,61,61,61
2024-09-07T10:00:00Z,63,62,62.5
2024-09-07T10:10:00Z,63,65,64
2024-09-07T10:20:00Z,62,63,62.5
2024-09-07T10:30:00Z,59,60,59.5
2024-09-07T10:40:00Z,61,61,61
2024-09-07T10:50:00Z,62,61,61.5
2024-09-07T11:00:00Z,63,62,62.5
2024-09-07T11:10:00Z,63,64,63.5
2024-09-07T11:20:00Z,66,67,66.5
2024-09-07T11:30:00Z,73,76,74.5
2024-09-07T11:40:00Z,72,74,73
2024-09-07T11:50:00Z,70,71,70.5
2024-09-07T12:00:00Z,68,69,68.5
2024-09-07T12:10:00Z,72,74,73
2024-09-07T12:20:00Z,71,74,72.5
2024-09-07T12:30:00Z,72,75,73.5
2024-09-07T12:40:00Z,74,77,75.5
2024-09-07T12:50:00Z,75,77,76
2024-09-07T13:00:00Z,73,77,75
2024-09-07T13:10:00Z,72,73,72.5
2024-09-07T13:20:00Z,73,74,73.5
2024-09-07T13:30:00Z,77,79,78
2024-09-07T13:40:00Z,74,78,76
2024-09-07T13:50:00Z,73,75,74
2024-09-07T14:00:00Z,72,74,73
2024-09-07T14:10:00Z,71,72,71.5
2024-09-07T14:20:00Z,70,72,71
2024-09-07T14:30:00Z,69,69,69
2024-09-07T14:40:00Z,72,74,73
2024-09-07T14:50:00Z,72,74,73
2024-09-07T15:00:00Z,72,75,73.5
2024-09-07T15:10:00Z,73,77,75
2024-09-07T15:20:00Z,72,74,73
2024-09-07T15:30:00Z,70,71,70.5
2024-09-07T15:40:00Z,69,71,70
2024-09-07T15:50:00Z,71,74,72.5
2024-09-07T16:00:00Z,75,79,77
2024-09-07T16:10:00Z,72,74,73
2024-09-07T16:20:00Z,74,78,76
2024-09-07T16:30:00Z,76,80,78
2024-09-07T16:40:00Z,76,81,78.5
2024-09-07T16:50:00Z,75,81,78
2024-09-07T17:00:00Z,77,82,79.5
2024-09-07T17:10:00Z,77,82,79.5
2024-09-07T17:20:00Z,76,81,78.5
2024-09-07T17:30:00Z,75,80,77.5
2024-09-07T17:40:00Z,77,80,78.5
2024-09-07T17:50:00Z,78,82,80
2024-09-07T18:00:00Z,78,83,80.5
2024-09-07T18:10:00Z,78,84,81
2024-09-07T18:20:00Z,76,80,78
2024-09-07T18:30:00Z,73,76,74.5
2024-09-07T18:40:00Z,67,70,68.5
2024-09-07T18:50:00Z,68,70,69
2024-09-07T19:00:00Z,69,70,69.5
2024-09-07T19:10:00Z,69,71,70
2024-09-07T19:20:00Z,70,73,71.5
2024-09-07T19:30:00Z,73,75,74
2024-09-07T19:40:00Z,72,75,73.5
2024-09-07T19:50:00Z,75,78,76.5
2024-09-07T20:00:00Z,78,79,78.5
2024-09-07T20:10:00Z,80,82,81
2024-09-07T20:20:00Z,81,82,81.5
2024-09-07T20:30:00Z,77,79,78
2024-09-07T20:40:00Z,78,78,78
2024-09-07T20:50:00Z,77,78,77.5
2024-09-07T21:00:00Z,77,77,77
2024-09-07T21:10:00Z,79,80,79.5
2024-09-07T21:20:00Z,82,85,83.5
2024-09-07T21:30:00Z,83,85,84
2024-09-07T21:40:00Z,85,88,86.5
2024-09-07T21:50:00Z,82,83,82.5
2024-09-07T22:00:00Z,81,82,81.5
2024-09-07T22:10:00Z,81,80,80.5
2024-09-07T22:20:00Z,85,87,86
2024-09-07T22:30:00Z,85,88,86.5
2024-09-07T22:40:00Z,89,91,90
2024-09-07T22:50:00Z,94,97,95.5
2024-09-07T23:00:00Z,93,95,94
2024-09-07T23:10:00Z,91,95,93
2024-09-07T23:20:00Z,93,97,95
2024-09-07T23:30:00Z,92,96,94
2024-09-07T23:40:00Z,93,96,94.5
2024-09-07T23:50:00Z,89,92,90.5
2024-09-08T00:00:00Z,88,91,89.5
2024-09-08T00:10:00Z,87,90,88.5
2024-09-08T00:20:00Z,85,87,86
2024-09-08T00:30:00Z,84,86,85
2024-09-08T00:40:00Z,81,82,81.5
2024-09-08T00:50:00Z,75,76,75.5
2024-09-08T01:00:00Z,75,74,74.5
2024-09-08T01:10:00Z,77,77,77
2024-09-08T01:20:00Z,73,73,73
2024-09-08T01:30:00Z,75,74,74.5
2024-09-08T01:40:00Z,79,80,79.5
2024-09-08T01:50:00Z,83,83,83
2024-09-08T02:00:00Z,85,85,85
2024-09-08T02:10:00Z,84,86,85
2024-09-08T02:20:00Z,83,82,82.5
2024-09-08T02:30:00Z,80,79,79.5
2024-09-08T02:40:00Z,79,79,79
2024-09-08T02:50:00Z,73,73,73
2024-09-08T03:00:00Z,75,73,74
2024-09-08T03:10:00Z,78,77,77.5
2024-09-08T03:20:00Z,89,91,90
2024-09-08T03:30:00Z,106,107,106.5
2024-09-08T03:40:00Z,111,116,113.5
2024-09-08T03:50:00Z,117,122,119.5
2024-09-08T04:00:00Z,117,123,120
2024-09-08T04:10:00Z,120,125,122.5
2024-09-08T04:20:00Z,153,154,153.5
2024-09-08T04:30:00Z,174,175,174.5
2024-09-08T04:40:00Z,179,181,180
2024-09-08T04:50:00Z,176,177,176.5
2024-09-08T05:00:00Z,180,181,180.5
2024-09-08T05:10:00Z,183,185,184
2024-09-08T05:20:00Z,187,188,187.5
2024-09-08T05:30:00Z,179,180,179.5
2024-09-08T05:40:00Z,165,165,165
2024-09-08T05:50:00Z,162,162,162
2024-09-08T06:00:00Z,164,165,164.5
2024-09-08T06:10:00Z,170,171,170.5
2024-09-08T06:20:00Z,170,170,170
2024-09-08T06:30:00Z,160,160,160
2024-09-08T06:40:00Z,140,142,141
2024-09-08T06:50:00Z,118,124,121
2024-09-08T07:00:00Z,109,115,112
2024-09-08T07:10:00Z,102,107,104.5
2024-09-08T07:20:00Z,95,100,97.5
2024-09-08T07:30:00Z,89,92,90.5
2024-09-08T07:40:00Z,85,88,86.5
2024-09-08T07:50:00Z,85,88,86.5
2024-09-08T08:00:00Z,97,102,99.5
2024-09-08T08:10:00Z,104,113,108.5
2024-09-08T08:20:00Z,106,116,111
2024-09-08T08:30:00Z,103,111,107
2024-09-08T08:40:00Z,87,92,89.5
2024-09-08T08:50:00Z,84,89,86.5
2024-09-08T09:00:00Z,84,90,87
2024-09-08T09:10:00Z,87,91,89
2024-09-08T09:20:00Z,91,99,95
2024-09-08T09:30:00Z,92,98,95
2024-09-08T09:40:00Z,91,99,95
2024-09-08T09:50:00Z,98,107,102.5
2024-09-08T10:00:00Z,105,113,109
2024-09-08T10:10:00Z,117,125,121
2024-09-08T10:20:00Z,138,141,139.5
2024-09-08T10:30:00Z,156,157,156.5
2024-09-08T10:40:00Z,169,171,170
2024-09-08T10:50:00Z,173,176,174.5
2024-09-08T11:00:00Z,171,173,172
2024-09-08T11:10:00Z,167,168,167.5
2024-09-08T11:20:00Z,159,160,159.5
2024-09-08T11:30:00Z,150,152,151
2024-09-08T11:40:00Z,152,152,152
2024-09-08T11:50:00Z,114,120,117
2024-09-08T12:00:00Z,102,110,106
2024-09-08T12:10:00Z,84,88,86
2024-09-08T12:20:00Z,89,95,92
2024-09-08T12:30:00Z,96,105,100.5
2024-09-08T12:40:00Z,92,100,96
2024-09-08T12:50:00Z,91,97,94
2024-09-08T13:00:00Z,81,86,83.5
2024-09-08T13:10:00Z,74,78,76
2024-09-08T13:20:00Z,65,67,66
2024-09-08T13:30:00Z,59,59,59
2024-09-08T13:40:00Z,70,71,70.5
2024-09-08T13:50:00Z,69,70,69.5
2024-09-08T14:00:00Z,71,71,71
2024-09-08T14:10:00Z,75,78,76.5
2024-09-08T14:20:00Z,74,78,76
2024-09-08T14:30:00Z,71,74,72.5
2024-09-08T14:40:00Z,70,72,71
2024-09-08T14:50:00Z,68,71,69.5
2024-09-08T15:00:00Z,67,67,67
2024-09-08T15:10:00Z,62,64,63
2024-09-08T15:20:00Z,59,61,60
2024-09-08T15:30:00Z,61,63,62
2024-09-08T15:40:00Z,63,63,63
2024-09-08T15:50:00Z,82,87,84.5
2024-09-08T16:00:00Z,99,108,103.5
2024-09-08T16:10:00Z,108,118,113
2024-09-08T16:20:00Z,107,117,112
2024-09-08T16:30:00Z,113,128,120.5
2024-09-08T16:40:00Z,99,109,104
2024-09-08T16:50:00Z,82,88,85
2024-09-08T17:00:00Z,75,78,76.5
2024-09-08T17:10:00Z,75,78,76.5
2024-09-08T17:20:00Z,83,89,86
2024-09-08T17:30:00Z,96,103,99.5
2024-09-08T17:40:00Z,127,135,131
2024-09-08T17:50:00Z,120,134,127
2024-09-08T18:00:00Z,114,127,120.5
2024-09-08T18:10:00Z,115,127,121
2024-09-08T18:20:00Z,112,125,118.5
2024-09-08T18:30:00Z,110,122,116
2024-09-08T18:40:00Z,109,122,115.5
2024-09-08T18:50:00Z,110,122,116
2024-09-08T19:00:00Z,111,125,118
2024-09-08T19:10:00Z,116,130,123
2024-09-08T19:20:00Z,118,132,125
2024-09-08T19:30:00Z,120,134,127
2024-09-08T19:40:00Z,121,134,127.5
2024-09-08T19:50:00Z,122,136,129
2024-09-08T20:00:00Z,121,134,127.5
2024-09-08T20:10:00Z,119,133,126
2024-09-08T20:20:00Z,119,133,126
2024-09-08T20:30:00Z,118,133,125.5
2024-09-08T20:40:00Z,120,136,128
2024-09-08T20:50:00Z,122,136,129
2024-09-08T21:00:00Z,123,136,129.5
2024-09-08T21:10:00Z,125,138,131.5
2024-09-08T21:20:00Z,124,136,130
2024-09-08T21:30:00Z,120,134,127
2024-09-08T21:40:00Z,121,134,127.5
2024-09-08T21:50:00Z,129,136,132.5
2024-09-08T22:00:00Z,140,143,141.5
2024-09-08T22:10:00Z,158,158,158
2024-09-08T22:20:00Z,161,161,161
2024-09-08T22:30:00Z,156,156,156
2024-09-08T22:40:00Z,156,156,156
2024-09-08T22:50:00Z,152,152,152
2024-09-08T23:00:00Z,147,147,147
2024-09-08T23:10:00Z,149,147,148
2024-09-08T23:20:00Z,145,146,145.5
2024-09-08T23:30:00Z,152,152,152
2024-09-08T23:40:00Z,177,177,177
2024-09-08T23:50:00Z,182,182,182
2024-09-09T00:00:00Z,186,186,186
2024-09-09T00:10:00Z,196,196,196
2024-09-09T00:20:00Z,224,228,226
2024-09-09T00:30:00Z,209,211,210
2024-09-09T00:40:00Z,188,189,188.5
2024-09-09T00:50:00Z,184,185,184.5
2024-09-09T01:00:00Z,188,189,188.5
2024-09-09T01:10:00Z,188,189,188.5
2024-09-09T01:20:00Z,191,193,192
2024-09-09T01:30:00Z,195,197,196
2024-09-09T01:40:00Z,196,198,197
2024-09-09T01:50:00Z,194,195,194.5
2024-09-09T02:00:00Z,192,193,192.5
2024-09-09T02:10:00Z,187,188,187.5
2024-09-09T02:20:00Z,185,186,185.5
2024-09-09T02:30:00Z,184,185,184.5
2024-09-09T02:40:00Z,181,181,181
2024-09-09T02:50:00Z,178,178,178
2024-09-09T03:00:00Z,176,176,176
2024-09-09T03:10:00Z,176,176,176
2024-09-09T03:20:00Z,172,172,172
2024-09-09T03:30:00Z,170,170,170
2024-09-09T03:40:00Z,169,168,168.5
2024-09-09T03:50:00Z,168,167,167.5
2024-09-09T04:00:00Z,173,173,173
2024-09-09T04:10:00Z,172,173,172.5
2024-09-09T04:20:00Z,185,185,185
2024-09-09T04:30:00Z,183,183,183
2024-09-09T04:40:00Z,168,168,168
2024-09-09T04:50:00Z,164,164,164
2024-09-09T05:00:00Z,166,166,166
2024-09-09T05:10:00Z,168,168,168
2024-09-09T05:20:00Z,172,172,172
2024-09-09T05:30:00Z,174,174,174
2024-09-09T05:40:00Z,177,177,177
2024-09-09T05:50:00Z,182,182,182
2024-09-09T06:00:00Z,192,193,192.5
2024-09-09T06:10:00Z,197,199,198
2024-09-09T06:30:00Z,215,219,217
2024-09-09T06:40:00Z,233,238,235.5
2024-09-09T06:50:00Z,229,234,231.5
2024-09-09T07:00:00Z,234,240,237
2024-09-09T07:10:00Z,241,249,245
2024-09-09T07:20:00Z,242,251,246.5
2024-09-09T07:30:00Z,236,242,239
2024-09-09T07:40:00Z,232,240,236
2024-09-09T07:50:00Z,225,235,230
2024-09-09T08:00:00Z,224,234,229
2024-09-09T08:10:00Z,220,231,225.5
2024-09-09T08:20:00Z,214,227,220.5
2024-09-09T08:30:00Z,206,219,212.5
2024-09-09T08:40:00Z,200,214,207
2024-09-09T08:50:00Z,196,204,200
2024-09-09T09:00:00Z,194,203,198.5
2024-09-09T09:10:00Z,194,202,198
2024-09-09T09:20:00Z,192,198,195
2024-09-09T09:30:00Z,192,199,195.5
2024-09-09T09:40:00Z,195,207,201
2024-09-09T09:50:00Z,197,210,203.5
2024-09-09T10:00:00Z,209,226,217.5
2024-09-09T10:10:00Z,217,239,228
2024-09-09T10:20:00Z,214,233,223.5
2024-09-09T10:30:00Z,208,229,218.5
2024-09-09T10:40:00Z,206,225,215.5
2024-09-09T10:50:00Z,204,222,213
2024-09-09T11:00:00Z,205,227,216
2024-09-09T11:10:00Z,200,221,210.5
2024-09-09T11:20:00Z,196,211,203.5
2024-09-09T11:30:00Z,199,223,211
2024-09-09T11:40:00Z,203,224,213.5
2024-09-09T11:50:00Z,209,233,221
2024-09-09T12:00:00Z,207,230,218.5
2024-09-09T12:10:00Z,180,186,183
2024-09-09T12:20:00Z,167,171,169
2024-09-09T12:30:00Z,142,152,147
2024-09-09T12:40:00Z,136,149,142.5
2024-09-09T12:50:00Z,124,136,130
2024-09-09T13:00:00Z,153,156,154.5
2024-09-09T13:10:00Z,155,158,156.5
2024-09-09T13:20:00Z,144,153,148.5
2024-09-09T13:30:00Z,121,135,128
2024-09-09T13:40:00Z,106,120,113
2024-09-09T13:50:00Z,90,99,94.5
2024-09-09T14:00:00Z,73,78,75.5
2024-09-09T14:10:00Z,50,52,51
2024-09-09T14:20:00Z,38,41,39.5
2024-09-09T14:30:00Z,48,52,50
2024-09-09T14:40:00Z,54,55,54.5
2024-09-09T14:50:00Z,62,63,62.5
2024-09-09T15:00:00Z,59,60,59.5
2024-09-09T15:10:00Z,44,47,45.5
2024-09-09T15:20:00Z,25,24,24.5
2024-09-09T15:30:00Z,19,18,18.5
2024-09-09T15:40:00Z,16,15,15.5
2024-09-09T15:50:00Z,14,15,14.5
2024-09-09T16:00:00Z,14,14,14
2024-09-09T16:10:00Z,14,13,13.5
2024-09-09T16:20:00Z,15,15,15
2024-09-09T16:30:00Z,13,13,13
2024-09-09T16:40:00Z,13,13,13
2024-09-09T16:50:00Z,13,13,13
2024-09-09T17:00:00Z,14,13,13.5
2024-09-09T17:10:00Z,14,14,14
2024-09-09T17:20:00Z,15,13,14
2024-09-09T17:30:00Z,14,14,14
2024-09-09T17:40:00Z,16,15,15.5
2024-09-09T17:50:00Z,15,14,14.5
2024-09-09T18:00:00Z,14,16,15
2024-09-09T18:10:00Z,15,19,17
2024-09-09T18:20:00Z,17,19,18
2024-09-09T18:30:00Z,17,18,17.5
2024-09-09T18:40:00Z,17,19,18
2024-09-09T18:50:00Z,17,20,18.5
2024-09-09T19:00:00Z,18,22,20
2024-09-09T19:10:00Z,21,26,23.5
2024-09-09T19:20:00Z,20,21,20.5
2024-09-09T19:30:00Z,21,24,22.5
2024-09-09T19:40:00Z,19,23,21
2024-09-09T19:50:00Z,21,24,22.5
2024-09-09T20:00:00Z,23,26,24.5
2024-09-09T20:10:00Z,24,26,25
2024-09-09T20:20:00Z,24,26,25
2024-09-09T20:30:00Z,25,28,26.5
2024-09-09T20:40:00Z,26,27,26.5
2024-09-09T20:50:00Z,28,28,28
2024-09-09T21:00:00Z,25,25,25
2024-09-09T21:10:00Z,28,28,28
2024-09-09T21:20:00Z,28,28,28
2024-09-09T21:30:00Z,29,29,29
2024-09-09T21:40:00Z,31,32,31.5
2024-09-09T21:50:00Z,35,37,36
2024-09-09T22:00:00Z,36,40,38
2024-09-09T22:10:00Z,36,38,37
2024-09-09T22:20:00Z,37,37,37
2024-09-09T22:30:00Z,40,41,40.5
2024-09-09T22:40:00Z,49,50,49.5
2024-09-09T22:50:00Z,61,60,60.5
2024-09-09T23:00:00Z,84,84,84
2024-09-09T23:10:00Z,110,111,110.5
2024-09-09T23:20:00Z,126,126,126
2024-09-09T23:30:00Z,154,153,153.5
2024-09-09T23:40:00Z,161,159,160
2024-09-09T23:50:00Z,163,161,162
2024-09-10T00:00:00Z,163,162,162.5
2024-09-10T00:10:00Z,158,157,157.5
2024-09-10T00:20:00Z,153,152,152.5
2024-09-10T00:30:00Z,153,152,152.5
2024-09-10T00:40:00Z,155,154,154.5
2024-09-10T00:50:00Z,127,127,127
2024-09-10T01:00:00Z,117,118,117.5
2024-09-10T01:10:00Z,107,106,106.5
2024-09-10T01:20:00Z,109,108,108.5
2024-09-10T01:30:00Z,114,114,114
2024-09-10T01:40:00Z,147,143,145
2024-09-10T01:50:00Z,154,153,153.5
2024-09-10T02:00:00Z,161,159,160
2024-09-10T02:10:00Z,162,161,161.5
2024-09-10T02:20:00Z,167,165,166
2024-09-10T02:30:00Z,171,169,170
2024-09-10T02:40:00Z,179,178,178.5
2024-09-10T02:50:00Z,188,186,187
2024-09-10T03:00:00Z,188,187,187.5
2024-09-10T03:10:00Z,181,179,180
2024-09-10T03:20:00Z,174,172,173
2024-09-10T03:30:00Z,166,163,164.5
2024-09-10T03:40:00Z,161,158,159.5
2024-09-10T03:50:00Z,160,158,159
2024-09-10T04:00:00Z,160,158,159
2024-09-10T04:10:00Z,165,162,163.5
2024-09-10T04:20:00Z,171,168,169.5
2024-09-10T04:30:00Z,177,174,175.5
2024-09-10T04:40:00Z,180,178,179
2024-09-10T04:50:00Z,181,179,180
2024-09-10T05:00:00Z,181,178,179.5
2024-09-10T05:10:00Z,182,179,180.5
2024-09-10T05:20:00Z,185,183,184
2024-09-10T05:30:00Z,190,188,189
2024-09-10T05:40:00Z,194,192,193
2024-09-10T05:50:00Z,197,195,196
2024-09-10T06:00:00Z,200,197,198.5
2024-09-10T06:10:00Z,198,196,197
2024-09-10T06:20:00Z,195,192,193.5
2024-09-10T06:30:00Z,192,189,190.5
2024-09-10T06:40:00Z,189,187,188
2024-09-10T06:50:00Z,185,183,184
2024-09-10T07:00:00Z,183,180,181.5
2024-09-10T07:10:00Z,174,172,173
2024-09-10T07:20:00Z,171,169,170
2024-09-10T07:30:00Z,174,171,172.5
2024-09-10T07:40:00Z,174,172,173
2024-09-10T07:50:00Z,171,171,171
2024-09-10T08:00:00Z,166,167,166.5
2024-09-10T08:10:00Z,156,156,156
2024-09-10T08:20:00Z,124,129,126.5
2024-09-10T08:30:00Z,107,112,109.5
2024-09-10T08:40:00Z,95,100,97.5
2024-09-10T08:50:00Z,92,96,94
2024-09-10T09:00:00Z,95,103,99
2024-09-10T09:10:00Z,102,111,106.5
2024-09-10T09:20:00Z,100,109,104.5
2024-09-10T09:30:00Z,93,99,96
2024-09-10T09:40:00Z,93,98,95.5
2024-09-10T09:50:00Z,94,100,97
2024-09-10T10:00:00Z,97,104,100.5
2024-09-10T10:10:00Z,90,97,93.5
2024-09-10T10:20:00Z,87,92,89.5
2024-09-10T10:30:00Z,88,95,91.5
2024-09-10T10:40:00Z,87,92,89.5
2024-09-10T10:50:00Z,90,96,93
2024-09-10T11:00:00Z,97,106,101.5
2024-09-10T11:10:00Z,101,112,106.5
2024-09-10T11:20:00Z,107,120,113.5
2024-09-10T11:30:00Z,101,112,106.5
2024-09-10T11:40:00Z,94,104,99
2024-09-10T11:50:00Z,88,95,91.5
2024-09-10T12:00:00Z,82,88,85
2024-09-10T12:10:00Z,85,90,87.5
2024-09-10T12:20:00Z,83,89,86
2024-09-10T12:30:00Z,74,78,76
2024-09-10T12:40:00Z,84,89,86.5
2024-09-10T12:50:00Z,79,83,81
2024-09-10T13:00:00Z,79,84,81.5
2024-09-10T13:10:00Z,70,74,72
2024-09-10T13:20:00Z,57,60,58.5
2024-09-10T13:30:00Z,46,50,48
2024-09-10T13:40:00Z,38,42,40
2024-09-10T13:50:00Z,35,36,35.5
2024-09-10T14:00:00Z,37,40,38.5
2024-09-10T14:10:00Z,39,42,40.5
2024-09-10T14:20:00Z,33,35,34
2024-09-10T14:30:00Z,31,34,32.5
2024-09-10T14:40:00Z,34,37,35.5
2024-09-10T14:50:00Z,29,33,31
2024-09-10T15:00:00Z,24,26,25
2024-09-10T15:10:00Z,18,21,19.5
2024-09-10T15:20:00Z,14,17,15.5
2024-09-10T15:30:00Z,11,11,11
2024-09-10T15:40:00Z,8,9,8.5
2024-09-10T15:50:00Z,6,8,7
2024-09-10T16:00:00Z,8,9,8.5
2024-09-10T16:10:00Z,9,9,9
2024-09-10T16:20:00Z,13,15,14
2024-09-10T16:30:00Z,16,19,17.5
2024-09-10T16:40:00Z,17,20,18.5
2024-09-10T16:50:00Z,14,18,16
2024-09-10T17:00:00Z,14,17,15.5
2024-09-10T17:10:00Z,13,15,14
2024-09-10T17:20:00Z,14,16,15
2024-09-10T17:30:00Z,15,17,16
2024-09-10T17:40:00Z,16,17,16.5
2024-09-10T17:50:00Z,16,17,16.5
2024-09-10T18:00:00Z,16,19,17.5
2024-09-10T18:10:00Z,17,18,17.5
2024-09-10T18:20:00Z,17,20,18.5
2024-09-10T18:30:00Z,17,19,18
2024-09-10T18:40:00Z,17,19,18
2024-09-10T18:50:00Z,17,19,18
2024-09-10T19:00:00Z,16,17,16.5
2024-09-10T19:10:00Z,16,18,17
2024-09-10T19:20:00Z,14,18,16
2024-09-10T19:30:00Z,17,18,17.5
2024-09-10T19:40:00Z,18,19,18.5
2024-09-10T19:50:00Z,17,22,19.5
2024-09-10T20:00:00Z,17,21,19
2024-09-10T20:10:00Z,21,21,21
2024-09-10T20:20:00Z,19,21,20
2024-09-10T20:30:00Z,17,20,18.5
2024-09-10T20:40:00Z,20,21,20.5
2024-09-10T20:50:00Z,23,26,24.5
2024-09-10T21:00:00Z,32,30,31
2024-09-10T21:10:00Z,30,32,31
2024-09-10T21:20:00Z,30,33,31.5
2024-09-10T21:30:00Z,33,34,33.5
2024-09-10T21:40:00Z,35,35,35
2024-09-10T21:50:00Z,33,35,34
2024-09-10T22:00:00Z,37,34,35.5
2024-09-10T22:10:00Z,37,35,36
2024-09-10T22:20:00Z,35,35,35
2024-09-10T22:30:00Z,36,38,37
2024-09-10T22:40:00Z,37,37,37
2024-09-10T22:50:00Z,38,38,38
2024-09-10T23:00:00Z,40,38,39
2024-09-10T23:10:00Z,39,36,37.5
2024-09-10T23:20:00Z,38,34,36
2024-09-10T23:30:00Z,37,37,37
2024-09-10T23:40:00Z,38,38,38
2024-09-10T23:50:00Z,38,37,37.5
2024-09-11T00:00:00Z,36,36,36
2024-09-11T00:10:00Z,38,36,37
2024-09-11T00:20:00Z,35,34,34.5
2024-09-11T00:30:00Z,38,35,36.5
2024-09-11T00:40:00Z,36,38,37
2024-09-11T00:50:00Z,39,39,39
2024-09-11T01:00:00Z,40,37,38.5
2024-09-11T01:10:00Z,41,39,40
2024-09-11T01:20:00Z,42,41,41.5
2024-09-11T01:30:00Z,43,42,42.5
2024-09-11T01:40:00Z,41,41,41
2024-09-11T01:50:00Z,42,38,40
2024-09-11T02:00:00Z,41,40,40.5
2024-09-11T02:10:00Z,39,36,37.5
2024-09-11T02:20:00Z,34,31,32.5
2024-09-11T02:30:00Z,28,25,26.5
2024-09-11T02:40:00Z,27,24,25.5
2024-09-11T02:50:00Z,26,25,25.5
2024-09-11T03:00:00Z,24,22,23
2024-09-11T03:10:00Z,28,27,27.5
2024-09-11T03:20:00Z,41,37,39
2024-09-11T03:30:00Z,53,50,51.5
2024-09-11T03:40:00Z,48,46,47
2024-09-11T03:50:00Z,38,37,37.5
2024-09-11T04:00:00Z,42,43,42.5
2024-09-11T04:10:00Z,42,39,40.5
2024-09-11T04:30:00Z,41,39,40
2024-09-11T04:40:00Z,44,43,43.5
2024-09-11T04:50:00Z,45,42,43.5
2024-09-11T05:00:00Z,45,44,44.5
2024-09-11T05:10:00Z,43,41,42
2024-09-11T05:20:00Z,38,37,37.5
2024-09-11T05:30:00Z,44,43,43.5
2024-09-11T05:40:00Z,43,42,42.5
2024-09-11T05:50:00Z,47,45,46
2024-09-11T06:00:00Z,47,46,46.5
2024-09-11T06:10:00Z,50,47,48.5
2024-09-11T06:20:00Z,46,44,45
2024-09-11T06:30:00Z,44,40,42
2024-09-11T06:40:00Z,41,39,40
2024-09-11T06:50:00Z,42,42,42
2024-09-11T07:00:00Z,46,43,44.5
2024-09-11T07:10:00Z,52,51,51.5
2024-09-11T07:20:00Z,57,56,56.5
2024-09-11T07:30:00Z,60,61,60.5
2024-09-11T07:40:00Z,63,61,62
2024-09-11T07:50:00Z,64,63,63.5
2024-09-11T08:00:00Z,67,68,67.5
2024-09-11T08:10:00Z,69,69,69
2024-09-11T08:20:00Z,69,70,69.5
2024-09-11T08:30:00Z,71,70,70.5
2024-09-11T08:40:00Z,68,71,69.5
2024-09-11T08:50:00Z,67,67,67
2024-09-11T09:00:00Z,69,69,69
2024-09-11T09:10:00Z,67,69,68
2024-09-11T09:20:00Z,73,70,71.5
2024-09-11T09:30:00Z,66,66,66
2024-09-11T09:40:00Z,65,69,67
2024-09-11T09:50:00Z,63,66,64.5
2024-09-11T10:00:00Z,62,63,62.5
2024-09-11T10:10:00Z,60,62,61
2024-09-11T10:20:00Z,60,61,60.5
2024-09-11T10:30:00Z,60,61,60.5
2024-09-11T10:40:00Z,61,61,61
2024-09-11T10:50:00Z,61,64,62.5
2024-09-11T11:00:00Z,60,63,61.5
2024-09-11T11:10:00Z,60,62,61
2024-09-11T11:20:00Z,63,64,63.5
2024-09-11T11:30:00Z,64,64,64
2024-09-11T11:40:00Z,64,67,65.5
2024-09-11T11:50:00Z,63,68,65.5
2024-09-11T12:00:00Z,64,68,66
2024-09-11T12:10:00Z,64,67,65.5
2024-09-11T12:20:00Z,64,67,65.5
2024-09-11T12:30:00Z,63,66,64.5
2024-09-11T12:40:00Z,63,66,64.5
2024-09-11T12:50:00Z,63,64,63.5
2024-09-11T13:00:00Z,62,63,62.5
2024-09-11T13:10:00Z,60,62,61
2024-09-11T13:20:00Z,61,62,61.5
2024-09-11T13:30:00Z,59,60,59.5
2024-09-11T13:40:00Z,58,60,59
2024-09-11T13:50:00Z,57,59,58
2024-09-11T14:00:00Z,60,62,61
2024-09-11T14:10:00Z,61,63,62
2024-09-11T14:20:00Z,62,65,63.5
2024-09-11T14:30:00Z,67,71,69
2024-09-11T14:40:00Z,72,74,73
2024-09-11T14:50:00Z,76,79,77.5
2024-09-11T15:00:00Z,79,82,80.5
2024-09-11T15:10:00Z,75,77,76
2024-09-11T15:20:00Z,74,76,75
2024-09-11T15:30:00Z,70,74,72
2024-09-11T15:40:00Z,66,68,67
2024-09-11T15:50:00Z,60,62,61
2024-09-11T16:00:00Z,54,55,54.5
2024-09-11T16:10:00Z,54,56,55
2024-09-11T16:20:00Z,53,56,54.5
2024-09-11T16:30:00Z,52,54,53
2024-09-11T16:40:00Z,52,54,53
2024-09-11T16:50:00Z,55,57,56
2024-09-11T17:00:00Z,52,54,53
2024-09-11T17:10:00Z,54,56,55
2024-09-11T17:20:00Z,53,54,53.5
2024-09-11T17:30:00Z,52,55,53.5
2024-09-11T17:40:00Z,51,52,51.5
2024-09-11T17:50:00Z,49,52,50.5
2024-09-11T18:00:00Z,51,52,51.5
2024-09-11T18:10:00Z,50,53,51.5
2024-09-11T18:20:00Z,53,52,52.5
2024-09-11T18:30:00Z,53,53,53
2024-09-11T18:40:00Z,54,53,53.5
2024-09-11T18:50:00Z,53,53,53
2024-09-11T19:00:00Z,54,53,53.5
2024-09-11T19:10:00Z,57,56,56.5
2024-09-11T19:20:00Z,57,56,56.5
2024-09-11T19:30:00Z,59,56,57.5
2024-09-11T19:40:00Z,57,56,56.5
2024-09-11T19:50:00Z,57,55,56
2024-09-11T20:00:00Z,58,56,57
2024-09-11T20:10:00Z,57,57,57
2024-09-11T20:20:00Z,58,58,58
2024-09-11T20:30:00Z,57,57,57
2024-09-11T20:40:00Z,58,57,57.5
2024-09-11T20:50:00Z,58,58,58
2024-09-11T21:00:00Z,57,58,57.5
2024-09-11T21:10:00Z,58,58,58
2024-09-11T21:20:00Z,59,58,58.5
2024-09-11T21:30:00Z,58,59,58.5
2024-09-11T21:40:00Z,58,57,57.5
2024-09-11T21:50:00Z,58,57,57.5
2024-09-11T22:00:00Z,57,58,57.5
2024-09-11T22:10:00Z,57,57,57
2024-09-11T22:20:00Z,55,56,55.5
2024-09-11T22:30:00Z,54,54,54
2024-09-11T22:40:00Z,55,55,55
2024-09-11T22:50:00Z,56,56,56
2024-09-11T23:00:00Z,56,56,56
2024-09-11T23:10:00Z,56,56,56
2024-09-11T23:20:00Z,55,56,55.5
2024-09-11T23:30:00Z,56,55,55.5
2024-09-11T23:40:00Z,56,56,56
2024-09-11T23:50:00Z,57,56,56.5
2024-09-12T00:00:00Z,57,56,56.5
2024-09-12T00:10:00Z,59,58,58.5
2024-09-12T00:20:00Z,57,57,57
2024-09-12T00:30:00Z,57,58,57.5
2024-09-12T00:40:00Z,58,58,58
2024-09-12T00:50:00Z,58,57,57.5
2024-09-12T01:00:00Z,60,60,60
2024-09-12T01:10:00Z,62,62,62
2024-09-12T01:20:00Z,60,60,60
2024-09-12T01:30:00Z,60,60,60
2024-09-12T01:40:00Z,61,62,61.5
2024-09-12T01:50:00Z,60,63,61.5
2024-09-12T02:00:00Z,61,63,62
2024-09-12T02:10:00Z,62,62,62
2024-09-12T02:20:00Z,62,62,62
2024-09-12T02:30:00Z,63,63,63
2024-09-12T02:40:00Z,62,63,62.5
2024-09-12T02:50:00Z,63,63,63
2024-09-12T03:00:00Z,63,62,62.5
2024-09-12T03:10:00Z,64,64,64
2024-09-12T03:20:00Z,61,63,62
2024-09-12T03:30:00Z,62,62,62
2024-09-12T03:40:00Z,62,61,61.5
2024-09-12T03:50:00Z,63,62,62.5
2024-09-12T04:00:00Z,62,62,62
2024-09-12T04:10:00Z,63,62,62.5
2024-09-12T04:20:00Z,67,64,65.5
2024-09-12T04:30:00Z,71,68,69.5
2024-09-12T04:40:00Z,75,73,74
2024-09-12T04:50:00Z,76,77,76.5
2024-09-12T05:00:00Z,79,78,78.5
2024-09-12T05:10:00Z,79,81,80
2024-09-12T05:20:00Z,80,81,80.5
2024-09-12T05:30:00Z,82,81,81.5
2024-09-12T05:40:00Z,83,85,84
2024-09-12T05:50:00Z,81,83,82
2024-09-12T06:00:00Z,82,85,83.5
2024-09-12T06:10:00Z,83,85,84
2024-09-12T06:20:00Z,84,86,85
2024-09-12T06:30:00Z,83,87,85
2024-09-12T06:40:00Z,87,86,86.5
2024-09-12T06:50:00Z,87,88,87.5
2024-09-12T07:00:00Z,89,90,89.5
2024-09-12T07:10:00Z,90,90,90
2024-09-12T07:20:00Z,90,94,92
2024-09-12T07:30:00Z,92,94,93
2024-09-12T07:40:00Z,92,94,93
2024-09-12T07:50:00Z,92,93,92.5
2024-09-12T08:00:00Z,93,94,93.5
2024-09-12T08:10:00Z,93,95,94
2024-09-12T08:20:00Z,94,96,95
2024-09-12T08:30:00Z,96,97,96.5
2024-09-12T08:40:00Z,95,97,96
2024-09-12T08:50:00Z,98,98,98
2024-09-12T09:00:00Z,99,102,100.5
2024-09-12T09:10:00Z,103,105,104
2024-09-12T09:20:00Z,103,104,103.5
2024-09-12T09:30:00Z,104,106,105
2024-09-12T09:40:00Z,105,106,105.5
2024-09-12T09:50:00Z,103,102,102.5
2024-09-12T10:00:00Z,103,105,104
2024-09-12T10:10:00Z,99,100,99.5
2024-09-12T10:20:00Z,103,102,102.5
2024-09-12T10:30:00Z,102,102,102
2024-09-12T10:40:00Z,101,104,102.5
2024-09-12T10:50:00Z,103,105,104
2024-09-12T11:00:00Z,103,105,104
2024-09-12T11:10:00Z,104,107,105.5
2024-09-12T11:20:00Z,105,108,106.5
2024-09-12T11:30:00Z,109,111,110
2024-09-12T11:40:00Z,108,111,109.5
2024-09-12T11:50:00Z,105,108,106.5
2024-09-12T12:00:00Z,104,108,106
2024-09-12T12:10:00Z,102,106,104
2024-09-12T12:20:00Z,103,104,103.5
2024-09-12T12:30:00Z,100,104,102
2024-09-12T12:40:00Z,100,103,101.5
2024-09-12T12:50:00Z,100,104,102
2024-09-12T13:00:00Z,99,102,100.5
2024-09-12T13:10:00Z,95,99,97
2024-09-12T13:20:00Z,93,96,94.5
2024-09-12T13:30:00Z,92,95,93.5
2024-09-12T13:40:00Z,88,89,88.5
2024-09-12T13:50:00Z,81,83,82
2024-09-12T14:00:00Z,77,79,78
2024-09-12T14:10:00Z,77,78,77.5
2024-09-12T14:20:00Z,75,75,75
2024-09-12T14:30:00Z,75,76,75.5
2024-09-12T14:40:00Z,72,74,73
2024-09-12T14:50:00Z,75,77,76
2024-09-12T15:00:00Z,72,75,73.5
2024-09-12T15:10:00Z,73,76,74.5
2024-09-12T15:20:00Z,73,73,73
2024-09-12T15:30:00Z,70,72,71
2024-09-12T15:40:00Z,67,70,68.5
2024-09-12T15:50:00Z,65,68,66.5
2024-09-12T16:00:00Z,63,66,64.5
2024-09-12T16:10:00Z,61,63,62
2024-09-12T16:20:00Z,62,65,63.5
2024-09-12T16:30:00Z,58,61,59.5
2024-09-12T16:40:00Z,60,60,60
2024-09-12T16:50:00Z,56,59,57.5
2024-09-12T17:00:00Z,57,58,57.5
2024-09-12T17:10:00Z,57,59,58
2024-09-12T17:20:00Z,57,57,57
2024-09-12T17:30:00Z,57,56,56.5
2024-09-12T17:40:00Z,56,58,57
2024-09-12T17:50:00Z,55,56,55.5
2024-09-12T18:00:00Z,55,55,55
2024-09-12T18:10:00Z,54,55,54.5
2024-09-12T18:20:00Z,53,55,54
2024-09-12T18:30:00Z,54,55,54.5
2024-09-12T18:40:00Z,53,52,52.5
2024-09-12T18:50:00Z,52,52,52
2024-09-12T19:00:00Z,52,53,52.5
2024-09-12T19:10:00Z,52,52,52
2024-09-12T19:20:00Z,50,52,51
2024-09-12T19:30:00Z,50,52,51
2024-09-12T19:40:00Z,52,53,52.5
2024-09-12T19:50:00Z,51,52,51.5
2024-09-12T20:00:00Z,51,52,51.5
2024-09-12T20:10:00Z,50,52,51
2024-09-12T20:20:00Z,52,52,52
2024-09-12T20:30:00Z,52,52,52
2024-09-12T20:40:00Z,52,52,52
2024-09-12T20:50:00Z,53,53,53
2024-09-12T21:00:00Z,53,54,53.5
2024-09-12T21:10:00Z,53,54,53.5
2024-09-12T21:20:00Z,53,54,53.5
2024-09-12T21:30:00Z,54,54,54
2024-09-12T21:40:00Z,54,55,54.5
2024-09-12T21:50:00Z,56,56,56
2024-09-12T22:00:00Z,56,57,56.5
2024-09-12T22:10:00Z,57,57,57
2024-09-12T22:20:00Z,57,57,57
2024-09-12T22:30:00Z,57,57,57
2024-09-12T22:40:00Z,58,57,57.5
2024-09-12T22:50:00Z,58,59,58.5
2024-09-12T23:00:00Z,58,57,57.5
2024-09-12T23:10:00Z,56,55,55.5
2024-09-12T23:20:00Z,54,56,55
2024-09-12T23:30:00Z,55,56,55.5
2024-09-12T23:40:00Z,55,56,55.5
2024-09-12T23:50:00Z,55,55,55
2024-09-13T00:00:00Z,55,55,55
2024-09-13T00:10:00Z,55,55,55
2024-09-13T00:20:00Z,55,56,55.5
2024-09-13T00:30:00Z,56,57,56.5
2024-09-13T00:40:00Z,56,56,56
2024-09-13T00:50:00Z,57,57,57
2024-09-13T01:00:00Z,57,58,57.5
2024-09-13T01:10:00Z,56,56,56
2024-09-13T01:20:00Z,57,58,57.5
2024-09-13T01:30:00Z,58,60,59
2024-09-13T01:40:00Z,60,59,59.5
2024-09-13T02:00:00Z,59,60,59.5
2024-09-13T02:10:00Z,59,60,59.5
2024-09-13T02:20:00Z,66,65,65.5
2024-09-13T02:30:00Z,66,66,66
2024-09-13T02:40:00Z,69,68,68.5
2024-09-13T02:50:00Z,72,72,72
2024-09-13T03:00:00Z,75,76,75.5
2024-09-13T03:10:00Z,79,79,79
2024-09-13T03:20:00Z,80,81,80.5
2024-09-13T03:30:00Z,82,83,82.5
2024-09-13T03:40:00Z,80,81,80.5
2024-09-13T03:50:00Z,82,83,82.5
2024-09-13T04:00:00Z,84,86,85
2024-09-13T04:10:00Z,81,84,82.5
2024-09-13T04:20:00Z,83,84,83.5
2024-09-13T04:30:00Z,78,79,78.5
2024-09-13T04:40:00Z,78,80,79
2024-09-13T04:50:00Z,78,80,79
2024-09-13T05:00:00Z,80,81,80.5
2024-09-13T05:10:00Z,82,85,83.5
2024-09-13T05:20:00Z,84,89,86.5
2024-09-13T05:30:00Z,85,89,87
2024-09-13T05:40:00Z,88,90,89
2024-09-13T05:50:00Z,88,90,89
2024-09-13T06:00:00Z,88,90,89
2024-09-13T06:10:00Z,87,90,88.5
2024-09-13T06:20:00Z,88,90,89
2024-09-13T06:30:00Z,94,96,95
2024-09-13T06:40:00Z,95,96,95.5
2024-09-13T06:50:00Z,95,97,96
2024-09-13T07:00:00Z,98,99,98.5
2024-09-13T07:10:00Z,100,103,101.5
2024-09-13T07:20:00Z,105,105,105
2024-09-13T07:30:00Z,104,105,104.5
2024-09-13T07:40:00Z,102,102,102
2024-09-13T07:50:00Z,100,101,100.5
2024-09-13T08:00:00Z,96,97,96.5
2024-09-13T08:10:00Z,95,97,96
2024-09-13T08:20:00Z,96,98,97
2024-09-13T08:30:00Z,96,98,97
2024-09-13T08:40:00Z,100,101,100.5
2024-09-13T08:50:00Z,98,100,99
2024-09-13T09:00:00Z,98,100,99
2024-09-13T09:10:00Z,101,104,102.5
2024-09-13T09:20:00Z,105,108,106.5
2024-09-13T09:30:00Z,103,105,104
2024-09-13T09:40:00Z,103,105,104
2024-09-13T09:50:00Z,104,105,104.5
2024-09-13T10:00:00Z,99,102,100.5
2024-09-13T10:10:00Z,100,105,102.5
2024-09-13T10:20:00Z,102,104,103
2024-09-13T10:30:00Z,105,108,106.5
2024-09-13T10:40:00Z,105,107,106
2024-09-13T10:50:00Z,109,111,110
2024-09-13T11:00:00Z,109,110,109.5
2024-09-13T11:10:00Z,111,112,111.5
2024-09-13T11:20:00Z,108,110,109
2024-09-13T11:30:00Z,105,109,107
2024-09-13T11:40:00Z,110,113,111.5
2024-09-13T11:50:00Z,109,113,111
2024-09-13T12:00:00Z,109,114,111.5
2024-09-13T12:10:00Z,109,114,111.5
2024-09-13T12:20:00Z,112,119,115.5
2024-09-13T12:30:00Z,113,120,116.5
2024-09-13T12:40:00Z,112,116,114
2024-09-13T12:50:00Z,109,114,111.5
2024-09-13T13:00:00Z,120,126,123
2024-09-13T13:10:00Z,112,119,115.5
2024-09-13T13:20:00Z,115,120,117.5
2024-09-13T13:30:00Z,115,121,118
2024-09-13T13:40:00Z,109,116,112.5
2024-09-13T13:50:00Z,108,114,111
2024-09-13T14:00:00Z,116,123,119.5
2024-09-13T14:10:00Z,115,121,118
2024-09-13T14:20:00Z,113,119,116
2024-09-13T14:30:00Z,113,121,117
2024-09-13T14:40:00Z,118,124,121
2024-09-13T14:50:00Z,120,126,123
2024-09-13T15:00:00Z,130,138,134
2024-09-13T15:10:00Z,107,113,110
2024-09-13T15:20:00Z,96,101,98.5
2024-09-13T15:30:00Z,103,110,106.5
2024-09-13T15:40:00Z,107,114,110.5
2024-09-13T15:50:00Z,99,105,102
2024-09-13T16:00:00Z,97,102,99.5
2024-09-13T16:10:00Z,94,98,96
2024-09-13T16:20:00Z,87,91,89
2024-09-13T16:30:00Z,83,86,84.5
2024-09-13T16:40:00Z,86,88,87
2024-09-13T16:50:00Z,80,81,80.5
2024-09-13T17:00:00Z,82,84,83
2024-09-13T17:10:00Z,82,84,83
2024-09-13T17:20:00Z,83,83,83
2024-09-13T17:30:00Z,79,82,80.5
2024-09-13T17:40:00Z,76,79,77.5
2024-09-13T17:50:00Z,71,71,71
2024-09-13T18:00:00Z,66,66,66
2024-09-13T18:10:00Z,64,64,64
2024-09-13T18:20:00Z,62,62,62
2024-09-13T18:30:00Z,61,62,61.5
2024-09-13T18:40:00Z,60,61,60.5
2024-09-13T18:50:00Z,59,60,59.5
2024-09-13T19:00:00Z,58,58,58
2024-09-13T19:10:00Z,58,58,58
2024-09-13T19:20:00Z,57,58,57.5
2024-09-13T19:30:00Z,57,57,57
2024-09-13T19:40:00Z,55,54,54.5
2024-09-13T19:50:00Z,55,53,54
2024-09-13T20:00:00Z,53,53,53
2024-09-13T20:10:00Z,55,55,55
2024-09-13T20:20:00Z,54,54,54
2024-09-13T20:30:00Z,54,54,54
2024-09-13T20:40:00Z,53,55,54
2024-09-13T20:50:00Z,54,54,54
2024-09-13T21:00:00Z,54,54,54
2024-09-13T21:10:00Z,53,54,53.5
2024-09-13T21:20:00Z,54,54,54
2024-09-13T21:30:00Z,53,53,53
2024-09-13T21:40:00Z,54,54,54
2024-09-13T21:50:00Z,55,55,55
2024-09-13T22:00:00Z,55,56,55.5
2024-09-13T22:10:00Z,58,59,58.5
2024-09-13T22:20:00Z,58,58,58
2024-09-13T22:30:00Z,60,61,60.5
2024-09-13T22:40:00Z,60,62,61
2024-09-13T22:50:00Z,61,59,60
2024-09-13T23:00:00Z,59,59,59
2024-09-13T23:10:00Z,55,56,55.5
2024-09-13T23:20:00Z,54,54,54
2024-09-13T23:30:00Z,53,53,53
2024-09-13T23:40:00Z,53,54,53.5
2024-09-13T23:50:00Z,54,53,53.5
2024-09-14T00:00:00Z,58,59,58.5
2024-09-14T00:10:00Z,62,62,62
2024-09-14T00:20:00Z,59,58,58.5
2024-09-14T00:30:00Z,60,61,60.5
2024-09-14T00:40:00Z,71,72,71.5
2024-09-14T00:50:00Z,74,76,75
2024-09-14T01:00:00Z,78,81,79.5
2024-09-14T01:10:00Z,77,77,77
2024-09-14T01:20:00Z,74,77,75.5
2024-09-14T01:30:00Z,77,79,78
2024-09-14T01:40:00Z,75,75,75
2024-09-14T01:50:00Z,73,75,74
2024-09-14T02:00:00Z,71,72,71.5
2024-09-14T02:10:00Z,71,73,72
2024-09-14T02:20:00Z,72,73,72.5
2024-09-14T02:30:00Z,72,72,72
2024-09-14T02:40:00Z,73,73,73
2024-09-14T02:50:00Z,77,76,76.5
2024-09-14T03:00:00Z,81,80,80.5
2024-09-14T03:10:00Z,83,84,83.5
2024-09-14T03:20:00Z,85,85,85
2024-09-14T03:30:00Z,85,87,86
2024-09-14T03:40:00Z,88,87,87.5
2024-09-14T03:50:00Z,87,87,87
2024-09-14T04:00:00Z,85,86,85.5
2024-09-14T04:10:00Z,86,86,86
2024-09-14T04:20:00Z,86,85,85.5
2024-09-14T04:30:00Z,86,86,86
2024-09-14T04:40:00Z,85,85,85
2024-09-14T04:50:00Z,85,87,86
2024-09-14T05:00:00Z,86,87,86.5
2024-09-14T05:10:00Z,87,87,87
2024-09-14T05:20:00Z,86,87,86.5
2024-09-14T05:30:00Z,84,85,84.5
2024-09-14T05:40:00Z,86,86,86
2024-09-14T05:50:00Z,84,86,85
2024-09-14T06:00:00Z,85,85,85
2024-09-14T06:10:00Z,88,89,88.5
2024-09-14T06:20:00Z,89,89,89
2024-09-14T06:30:00Z,89,90,89.5
2024-09-14T06:40:00Z,89,90,89.5
2024-09-14T06:50:00Z,88,88,88
2024-09-14T07:00:00Z,94,95,94.5
2024-09-14T07:10:00Z,94,94,94
2024-09-14T07:20:00Z,96,96,96
2024-09-14T07:30:00Z,95,96,95.5
2024-09-14T07:40:00Z,95,96,95.5
2024-09-14T07:50:00Z,98,99,98.5
2024-09-14T08:00:00Z,103,105,104
2024-09-14T08:10:00Z,104,107,105.5
2024-09-14T08:20:00Z,105,107,106
2024-09-14T08:30:00Z,105,107,106
2024-09-14T08:40:00Z,106,107,106.5
2024-09-14T08:50:00Z,106,107,106.5
2024-09-14T09:00:00Z,109,109,109
2024-09-14T09:10:00Z,108,108,108
2024-09-14T09:20:00Z,110,110,110
2024-09-14T09:30:00Z,108,109,108.5
2024-09-14T09:40:00Z,108,109,108.5
2024-09-14T09:50:00Z,110,112,111
2024-09-14T10:00:00Z,109,111,110
2024-09-14T10:10:00Z,109,111,110
2024-09-14T10:20:00Z,108,110,109
2024-09-14T10:30:00Z,110,112,111
2024-09-14T10:40:00Z,113,114,113.5
2024-09-14T10:50:00Z,114,115,114.5
2024-09-14T11:00:00Z,115,117,116
2024-09-14T11:10:00Z,113,117,115
2024-09-14T11:20:00Z,114,117,115.5
2024-09-14T11:30:00Z,114,118,116
2024-09-14T11:40:00Z,115,120,117.5
2024-09-14T11:50:00Z,118,123,120.5
2024-09-14T12:00:00Z,121,125,123
2024-09-14T12:10:00Z,120,126,123
2024-09-14T12:20:00Z,121,126,123.5
2024-09-14T12:30:00Z,116,121,118.5
2024-09-14T12:40:00Z,119,123,121
2024-09-14T12:50:00Z,118,122,120
2024-09-14T13:00:00Z,98,103,100.5
2024-09-14T13:10:00Z,96,98,97
2024-09-14T13:20:00Z,93,96,94.5
2024-09-14T13:30:00Z,98,103,100.5
2024-09-14T13:40:00Z,97,101,99
2024-09-14T13:50:00Z,94,98,96
2024-09-14T14:00:00Z,94,97,95.5
2024-09-14T14:10:00Z,98,101,99.5
2024-09-14T14:20:00Z,107,112,109.5
2024-09-14T14:30:00Z,112,118,115
2024-09-14T14:40:00Z,111,116,113.5
2024-09-14T14:50:00Z,105,111,108
2024-09-14T15:00:00Z,105,110,107.5
2024-09-14T15:10:00Z,99,105,102
2024-09-14T15:20:00Z,95,98,96.5
2024-09-14T15:30:00Z,89,94,91.5
2024-09-14T15:40:00Z,85,88,86.5
2024-09-14T15:50:00Z,83,87,85
2024-09-14T16:00:00Z,84,89,86.5
2024-09-14T16:10:00Z,87,90,88.5
2024-09-14T16:20:00Z,89,91,90
2024-09-14T16:30:00Z,91,93,92
2024-09-14T16:40:00Z,92,95,93.5
2024-09-14T16:50:00Z,94,97,95.5
2024-09-14T17:00:00Z,87,90,88.5
2024-09-14T17:10:00Z,89,91,90
2024-09-14T17:20:00Z,90,91,90.5
2024-09-14T17:30:00Z,96,97,96.5
2024-09-14T17:40:00Z,95,97,96
2024-09-14T17:50:00Z,92,93,92.5
2024-09-14T18:00:00Z,92,93,92.5
2024-09-14T18:10:00Z,90,92,91
2024-09-14T18:20:00Z,88,88,88
2024-09-14T18:30:00Z,87,88,87.5
2024-09-14T18:40:00Z,85,85,85
2024-09-14T18:50:00Z,83,84,83.5
2024-09-14T19:00:00Z,81,83,82
2024-09-14T19:10:00Z,81,82,81.5
2024-09-14T19:20:00Z,80,81,80.5
2024-09-14T19:30:00Z,80,81,80.5
2024-09-14T19:40:00Z,77,79,78
2024-09-14T19:50:00Z,78,79,78.5
2024-09-14T20:00:00Z,77,77,77
2024-09-14T20:10:00Z,76,77,76.5
2024-09-14T20:20:00Z,77,79,78
2024-09-14T20:30:00Z,75,78,76.5
2024-09-14T20:40:00Z,78,78,78
2024-09-14T20:50:00Z,78,78,78
2024-09-14T21:00:00Z,76,78,77
2024-09-14T21:10:00Z,77,79,78
2024-09-14T21:20:00Z,78,80,79
2024-09-14T21:30:00Z,79,80,79.5
2024-09-14T21:40:00Z,79,81,80
2024-09-14T21:50:00Z,79,82,80.5
2024-09-14T22:00:00Z,78,81,79.5
2024-09-14T22:10:00Z,76,77,76.5
2024-09-14T22:20:00Z,75,77,76
2024-09-14T22:30:00Z,76,77,76.5
2024-09-14T22:40:00Z,77,78,77.5
2024-09-14T22:50:00Z,77,77,77
2024-09-14T23:00:00Z,75,75,75
2024-09-14T23:10:00Z,74,75,74.5
2024-09-14T23:20:00Z,76,76,76
2024-09-14T23:30:00Z,87,87,87
2024-09-14T23:40:00Z,87,89,88
2024-09-14T23:50:00Z,90,93,91.5
2024-09-15T00:00:00Z,90,92,91
2024-09-15T00:10:00Z,93,94,93.5
2024-09-15T00:20:00Z,93,95,94
2024-09-15T00:30:00Z,94,97,95.5
2024-09-15T00:40:00Z,97,99,98
2024-09-15T00:50:00Z,95,98,96.5
2024-09-15T01:00:00Z,89,91,90
2024-09-15T01:10:00Z,91,93,92
2024-09-15T01:20:00Z,94,95,94.5
2024-09-15T01:30:00Z,95,97,96
2024-09-15T01:40:00Z,99,99,99
2024-09-15T01:50:00Z,97,100,98.5
2024-09-15T02:00:00Z,97,99,98
2024-09-15T02:10:00Z,96,98,97
2024-09-15T02:20:00Z,96,99,97.5
2024-09-15T02:30:00Z,97,99,98
2024-09-15T02:40:00Z,98,101,99.5
2024-09-15T02:50:00Z,97,101,99
2024-09-15T03:00:00Z,98,98,98
2024-09-15T03:10:00Z,97,100,98.5
2024-09-15T03:20:00Z,99,102,100.5
2024-09-15T03:30:00Z,98,100,99
2024-09-15T03:40:00Z,99,99,99
2024-09-15T03:50:00Z,100,103,101.5
2024-09-15T04:00:00Z,94,97,95.5
2024-09-15T04:10:00Z,94,95,94.5
2024-09-15T04:20:00Z,95,96,95.5
2024-09-15T04:30:00Z,95,96,95.5
2024-09-15T04:40:00Z,94,96,95
2024-09-15T04:50:00Z,94,95,94.5
2024-09-15T05:00:00Z,93,94,93.5
2024-09-15T05:10:00Z,93,94,93.5
2024-09-15T05:20:00Z,94,95,94.5
2024-09-15T05:30:00Z,94,95,94.5
2024-09-15T05:40:00Z,93,95,94
2024-09-15T05:50:00Z,95,96,95.5
2024-09-15T06:00:00Z,93,96,94.5
2024-09-15T06:10:00Z,93,95,94
2024-09-15T06:20:00Z,91,93,92
2024-09-15T06:30:00Z,89,92,90.5
2024-09-15T06:40:00Z,93,96,94.5
2024-09-15T06:50:00Z,92,94,93
2024-09-15T07:00:00Z,93,93,93
